tier,seed,controller,floors,lifts,population,traffic,special_share,carrying_share,sensor_noise,completed,generated,mean_wait,p95_wait,mean_journey,failed_pickup_rate,unnecessary_stop_rate,door_crowding_rate,energy_proxy,utilisation_imbalance,special_mean_wait,general_mean_wait,fairness_disparity,stability_risk,jerk_exposure,adaptive_slowdowns,guidance_events,score
smoke,1,collective,8,2,200,up_peak,0.08,0.2,0.05,80,80,155.7875,280.05,4.825,0.0,0.012422360248447204,0.0,1.9268076923076642,0.32605905006418484,147.5,156.22368421052633,0.9441590162553692,0.9516501760322964,6.062145228841985,0,0,257.82099523971885
smoke,0,collective,8,2,200,up_peak,0.08,0.2,0.05,15,70,187.6,401.1,3.8666666666666667,0.0,0.041666666666666664,0.0,19.25353846153849,1.9941520467836258,nan,187.6,nan,0.9100829340715427,5.049774480959671,0,0,331.9879535877371
smoke,0,occupancy_aware,8,2,200,up_peak,0.08,0.2,0.05,15,70,184.93333333333334,401.1,3.8666666666666667,0.0,0.041666666666666664,0.0,19.25353846153849,1.9941520467836258,nan,184.93333333333334,nan,0.8867623783467843,5.019457758517484,0,0,329.28747211526945
smoke,1,occupancy_aware,8,2,200,up_peak,0.08,0.2,0.05,80,80,177.6125,315.1,4.925,0.0,0.018633540372670808,0.0,1.912192307692282,0.32944228274967574,176.5,177.67105263157896,0.9934088721024956,0.9902936179580475,6.212381703345462,0,0,292.1313294727473
smoke,1,human_aware,8,2,200,up_peak,0.08,0.2,0.05,80,80,170.3875,319.05,4.95,0.0,0.024539877300613498,0.0,1.9364337606837352,0.33029908972691807,6.5,179.01315789473685,0.03631018008085263,0.9808304275430288,5.863043376862491,61,0,286.21290382187675
smoke,0,human_aware,8,2,200,up_peak,0.08,0.2,0.05,13,70,153.46153846153845,324.5999999999998,3.3076923076923075,0.0,0.047619047619047616,0.0,22.236738987508254,1.9941520467836258,243,146,1.6643835616438356,0.9013793273782057,3.689667086735684,11,0,272.48776900888305
smoke,0,collective,8,2,200,mixed,0.08,0.2,0.05,54,59,10.537037037037036,37.39999999999998,4.12962962962963,0.0,0.01904761904761905,0.0,5.390512820512836,1.0508166969147006,16.6,9.918367346938776,1.6736625514403292,0.8109446394109928,5.18385766086392,0,0,29.23156637617591
smoke,1,collective,8,2,200,mixed,0.08,0.2,0.05,71,74,7.845070422535211,23.0,4.915492957746479,0.0,0.041666666666666664,0.0,4.124398699891676,1.081995661605206,9.428571428571429,7.671875,1.2289787605469886,1.2191370668703922,6.5003711446779855,0,0,21.55750193001148
smoke,1,occupancy_aware,8,2,200,mixed,0.08,0.2,0.05,74,74,7.716216216216216,21.69999999999999,5.0675675675675675,0.0,0.05263157894736842,0.0,2.0377338877338618,0.46111111111111114,12.428571428571429,7.223880597014926,1.7204840613931522,1.2119577539569684,6.643112647711626,0,0,22.711159348469685
smoke,0,occupancy_aware,8,2,200,mixed,0.08,0.2,0.05,56,59,25.321428571428573,101.75,4.178571428571429,0.0,0.07894736842105263,0.0,5.2007142857143025,1.9237126509853784,30.2,24.84313725490196,1.2156274664561957,0.8448354071962759,5.276857457926586,0,0,66.31616065709642
smoke,0,human_aware,8,2,200,mixed,0.08,0.2,0.05,59,59,17.1864406779661,77.89999999999989,4.593220338983051,0.0,0.05084745762711865,0.0,2.5358626684050023,0.27938671209540034,20.2,16.90740740740741,1.1947426067907994,0.947475251067817,5.4779762900673745,42,0,49.44789108151454
smoke,1,human_aware,8,2,200,mixed,0.08,0.2,0.05,74,74,7.081081081081081,35.44999999999996,4.878378378378378,0.0,0.013793103448275862,0.0,2.058783783783754,0.3602150537634409,4.714285714285714,7.3283582089552235,0.6432935699738144,1.1730386322125472,5.8296937190485805,81,0,23.590134708444356
