controller,reference,metric,difference,ci_low,ci_high,relative_reduction_percent,reduction_ci_low,reduction_ci_high
access_priority,collective,mean_wait,-19.095224888879443,-23.580681066340944,-14.630050359649031,5.167311172838605,4.058743319561259,6.25352890454608
access_priority,collective,p95_wait,-1.3225308642020082,-18.776230602708143,13.873851273146972,0.10368052871539594,-1.1085347271068164,1.4555924718930868
access_priority,collective,special_mean_wait,-224.04214929406484,-248.08168522825486,-200.40537468439095,63.38624419762747,59.29615379246722,67.14734232950475
access_priority,collective,general_mean_wait,2.8561503534824055,-6.159571743207778,11.103878047908843,-0.770251301978925,-2.9823999196913515,1.6802605018855508
access_priority,collective,door_crowding_rate,-0.733694340841248,-0.947554979689351,-0.5421105446351242,85.89022182901708,82.14207149838448,88.80432150851442
access_priority,collective,fairness_disparity,1.5193974753755195,0.7070516402520218,2.48565611749481,-151.22632908468142,-248.05164085696063,-70.15178122533908
access_priority,collective,completion_fraction,-0.0135977553820954,-0.017430695927314874,-0.009937662015498713,1.7898494921273755,1.3044487109930392,2.3004651301070074
access_priority,collective,passenger_weighted_completed_wait,-15.536906898165597,-19.39917721266724,-11.765621234760392,5.788240850459501,4.497175342082741,7.097758122921389
human_aware,collective,mean_wait,-16.18207387938577,-21.268140346312727,-11.398977501340935,4.3789906452134355,3.146095479007929,5.583349762184085
human_aware,collective,p95_wait,4.174648491081371,-13.375823366769737,19.96821566357912,-0.3272738462836618,-1.578536303694747,1.0217735125822356
human_aware,collective,special_mean_wait,-222.79152155220922,-247.14002461488863,-199.25668073522255,63.03241526099494,58.89199633095091,66.77732600137732
human_aware,collective,general_mean_wait,5.82937894158124,-3.6866994410632956,14.11354249322032,-1.572076453890766,-3.836169868189341,0.9665411633353695
human_aware,collective,door_crowding_rate,-0.7285146327620327,-0.9426354889967871,-0.5373991624508034,85.28385722843525,81.35166676061486,88.33580480708697
human_aware,collective,fairness_disparity,1.6692738040133959,0.8912516862016971,2.5740576174574663,-166.14358896165578,-256.6988809990961,-88.87260761590358
human_aware,collective,completion_fraction,-0.014558826475793984,-0.01844696130410867,-0.010761555925676666,1.9163536511314212,1.412095907939244,2.4454376271159872
human_aware,collective,passenger_weighted_completed_wait,-13.764969138966649,-17.88646986179237,-9.76879061849709,5.128109294707051,3.746773486529172,6.532123203706995
layered_access_stability,collective,mean_wait,-19.66475013449508,-24.79516675207918,-14.690850647599037,5.321428978835078,4.100374759363181,6.561724859188968
layered_access_stability,collective,p95_wait,0.6006644375809174,-17.559163987483892,16.724585262344164,-0.04708941632640266,-1.3145633617340804,1.3536947739346044
layered_access_stability,collective,special_mean_wait,-220.26990417367506,-244.58592634595317,-196.80645395150032,62.3189965786962,58.16242691508516,66.14052383986112
layered_access_stability,collective,general_mean_wait,1.5942099803634164,-8.158750966542994,9.99919919213434,-0.4299291567425819,-2.736845444419792,2.1959075189482773
layered_access_stability,collective,door_crowding_rate,-0.7349395044841754,-0.9493754235864441,-0.5421328979622734,86.03598740952008,82.06830966364323,89.11263899853198
layered_access_stability,collective,fairness_disparity,1.473588993915559,0.6975784470852251,2.3805214584992473,-146.66698987002243,-237.4244397921484,-69.53177488716184
layered_access_stability,collective,completion_fraction,-0.015178667713783178,-0.019128830643965027,-0.011230401508555669,1.9979423026286658,1.4748412186439601,2.5244864429391853
layered_access_stability,collective,passenger_weighted_completed_wait,-12.65171655341723,-16.722454448398455,-8.487757716384905,4.713369466838378,3.2462414679810445,6.059366678059743
nearest_car,collective,mean_wait,0.33754476357245267,-1.0849952986849716,1.747700839318088,-0.09134214644190317,-0.4702862379365931,0.2994516442265467
nearest_car,collective,p95_wait,-0.902932098771771,-4.1938662765786265,2.377541366596799,0.0707858545526239,-0.1902158402774644,0.32338805267403725
nearest_car,collective,special_mean_wait,-2.254959448454656,-4.159596861673568,-0.208315569383732,0.6379755358795813,0.06152471730836854,1.1770872443406346
nearest_car,collective,general_mean_wait,0.46854290786455977,-0.9322780678480214,1.8972208202785337,-0.12635741825553437,-0.5068676006130747,0.2564440839031335
nearest_car,collective,door_crowding_rate,0.0027983732968863695,-0.004646903724752185,0.010350583100232773,-0.32759269064878094,-1.264910027449293,0.5268644560368614
nearest_car,collective,fairness_disparity,-0.009602773811240861,-0.015046721348786868,-0.0046434221889068514,0.9557684911550622,0.46396687612409127,1.49340436030676
nearest_car,collective,completion_fraction,-4.917779808943923e-05,-0.0005467143890757808,0.00047456578407098195,0.006473190203893895,-0.06267837806850646,0.07156611753000246
nearest_car,collective,passenger_weighted_completed_wait,0.3457530195657341,-0.4743129365210663,1.1198226737123178,-0.12880953494394654,-0.42139823004331545,0.17676655731900834
occupancy_aware,collective,mean_wait,7.57919131855175,5.5492075056366685,9.511616740647371,-2.0509860559035324,-2.6081520255406905,-1.4900736414146118
occupancy_aware,collective,p95_wait,10.315779320988668,5.510180576989927,15.23043338477471,-0.8087111484969375,-1.2113628363828675,-0.4290636203811879
occupancy_aware,collective,special_mean_wait,4.945396218788005,2.4491217012289157,7.407826973186275,-1.3991567808371506,-2.128592538496489,-0.6908323983279585
occupancy_aware,collective,general_mean_wait,7.6801339617153985,5.643332024677126,9.638897953692206,-2.0711910968451352,-2.6251782010527847,-1.5104375127383818
occupancy_aware,collective,door_crowding_rate,-0.7407233023498548,-0.9542217433081538,-0.5475355756434499,86.71307002287075,83.05981966554201,89.55243925142706
occupancy_aware,collective,fairness_disparity,-0.00231725541681449,-0.00794623255220719,0.0031585470221669252,0.23063749671549233,-0.31543809079301555,0.791936154495267
occupancy_aware,collective,completion_fraction,-0.011345939807505645,-0.014649861254023894,-0.008162244450703186,1.4934468249746073,1.064318958144042,1.936852123103012
occupancy_aware,collective,passenger_weighted_completed_wait,5.987519508081903,4.08175853833105,8.04393059702458,-2.2306373615262336,-2.969022747592172,-1.549304308075874
oracle_upper,collective,mean_wait,-46.674639950136736,-51.99368994303771,-41.840945965310084,12.63050788383325,11.246476202599764,14.093843082354066
oracle_upper,collective,p95_wait,-100.36995884774205,-118.31758669838919,-83.09032911094016,7.8685576890150495,6.536496128417734,9.260825256972776
oracle_upper,collective,special_mean_wait,-253.51401310354183,-277.9683684169974,-229.2932278202141,71.72445538812428,67.86152698868067,75.19168880456266
oracle_upper,collective,general_mean_wait,-21.709041230512412,-31.014726926792598,-12.739308310860057,5.85452977016021,3.3554428305909925,8.444333856027635
oracle_upper,collective,door_crowding_rate,-0.8031930096375156,-1.0143070754965664,-0.6106642720241471,94.02611132339224,93.1060183587306,94.85486334320015
oracle_upper,collective,fairness_disparity,1.089265853559343,0.44869733401060263,1.8167593801592559,-108.41513106394996,-180.3442566474543,-44.67387877235506
oracle_upper,collective,completion_fraction,0.04013693410281838,0.03442613772715863,0.04619387726223241,-5.2831566020133165,-6.1278004821479595,-4.477764725163296
oracle_upper,collective,passenger_weighted_completed_wait,-19.82820482677289,-25.67993423587075,-13.71467489934003,7.386954554201244,5.051184863040786,9.82514932595996
stability_aware,collective,mean_wait,10.186119666761954,7.565848075330574,12.596201505456571,-2.7564404330521004,-3.487813584107305,-2.026254300723763
stability_aware,collective,p95_wait,24.788721707811874,18.64376650377266,30.460699481306676,-1.943325363824689,-2.443172918292321,-1.4372068601846817
stability_aware,collective,special_mean_wait,9.609259500605333,6.65210640149579,12.486571584608933,-2.7186619624161814,-3.5729478975084903,-1.8611075223879838
stability_aware,collective,general_mean_wait,10.153991458473115,7.496559400692705,12.585351617010403,-2.7383450355250982,-3.4775038128706943,-2.0178874490419405
stability_aware,collective,door_crowding_rate,-0.7362011136929115,-0.9506355523601372,-0.5438332055995525,86.18367819677027,82.38082959767848,89.1524131144583
stability_aware,collective,fairness_disparity,-0.010048815041736048,-0.01558558816626573,-0.004842461024516032,1.000163179840148,0.48314318470554435,1.5413597748903696
stability_aware,collective,completion_fraction,-0.013083555340002273,-0.01671856117457198,-0.009681221998470005,1.7221662121792674,1.2711888685203605,2.209494233704392
stability_aware,collective,passenger_weighted_completed_wait,8.885745031287342,6.390284652255129,11.35272149549444,-3.310364972511837,-4.20391402718466,-2.400550024883284
