stage,controller,runs,mean_wait,p95_wait,mean_journey,failed_pickup_rate,unnecessary_stop_rate,door_crowding_rate,energy_proxy,utilisation_imbalance,special_mean_wait,general_mean_wait,fairness_disparity,stability_risk,jerk_exposure,adaptive_slowdowns,guidance_events,score,generated_total,completed_total,completion_fraction
results_smoke,collective,4,96.66174749961826,199.27499999999998,4.650218544816003,0.0,0.03271610816994103,0.0,6.427480632686127,0.6770670777698069,75.24761904761905,96.11433584998981,1.8753327047242339,1.0232581273938661,5.980454110428028,0.0,0.0,172.77521958943584,283,228,0.8056537102473498
results_smoke,human_aware,4,83.17256992569493,173.8749999999999,4.417307211057211,0.0,0.025900888464003,0.0,7.915215597706517,0.9337357124179169,67.23928571428571,83.29885514692916,0.9798281164636017,1.0275613841469229,5.248114299716895,46.0,0.0,148.99238439191032,283,221,0.7809187279151943
results_smoke,occupancy_aware,4,101.75903907085052,203.83749999999998,4.65447301114674,0.0,0.03991607818095309,0.0,6.431539540681475,0.7333471634892434,79.47619047619048,101.41825485147363,1.4969528772952672,1.0177984510700628,5.9776109975378215,0.0,0.0,178.74184171164697,283,228,0.8056537102473498
results_smoke2,collective,4,90.44240186489306,185.3875,4.434197313510694,0.0,0.028700828157349895,0.0,7.673814418562666,1.1132558638419292,57.84285714285714,90.35348163936628,1.2822667760808957,0.9729537040963061,5.69903712883589,0.0,0.0,160.14950428341083,283,220,0.7773851590106007
results_smoke2,human_aware,4,87.0291400551464,189.24999999999991,4.432322756263434,0.0,0.034199871498763905,0.0,7.1919548000951865,0.7410132255923463,68.60357142857143,87.31223087777487,0.8846824796223255,1.0006809095503997,5.2150951181785326,48.75,0.0,157.93467465517966,283,226,0.7985865724381626
results_smoke2,occupancy_aware,4,98.89586953024454,209.91250000000002,4.509451415701416,0.0,0.04796978860193963,0.0,7.101044735669734,1.1771045229074477,73.04285714285714,98.6678509542073,1.309840133317281,0.9834622893645191,5.787952391875289,0.0,0.0,177.61153039839573,283,225,0.7950530035335689
results_pilot,access_priority,1280,223.23510002768285,612.21234375,6.462777829911466,0.10096187023827988,0.1362787682296439,0.019208714034429537,9.41965756719529,0.6835314828038818,50.752814926018765,236.27681692468752,0.5126470390352429,1.515597695612573,8.434627349165114,0.0,0.0,452.54720125933267,437312,367996,0.8414953168447241
results_pilot,collective,1280,219.7940299447283,596.0768749999999,6.494022774047838,0.10454996358979018,0.136107690834993,0.0828257562416062,9.34798595973311,0.6231032549156903,221.46478034598184,219.63791046099539,1.0425528049407553,1.531104895656256,8.486470983228967,0.0,0.0,445.3507471390578,437312,374792,0.8570357090589785
results_pilot,human_aware,1280,222.63519521974985,615.4868749999999,6.495384775299444,0.09987404974722877,0.1402438794843156,0.023964614099726132,10.229453409492663,0.6588164457537349,51.98545698902917,235.54694448719326,0.514374559985684,1.548922952748004,7.8616019606311305,219.028125,23.5734375,452.9184584812302,437312,365984,0.8368944826576906
results_pilot,nearest_car,1280,223.93107721850282,609.9018749999999,6.514437192051635,0.11277103771585426,0.13750726704301208,0.08822024394107036,9.279591746553724,0.6903202413227312,226.37304046143072,223.71669312454554,1.0257146284223235,1.5497542608418748,8.530570679912664,0.0,0.0,454.9864521382251,437312,377376,0.8629445338797015
results_pilot,occupancy_aware,1280,230.6323068356428,613.6465625,6.480744858013646,0.10812459808132753,0.1345283037194999,0.02061523968398932,9.630879928702187,0.7141289283139047,232.1596305686097,230.3970620358054,1.0443449162577811,1.5242920612520385,8.464826649402628,0.0,0.0,461.4224578150173,437312,369744,0.8454924630469779
results_pilot,stability_aware,1280,230.00178682760904,632.2146874999999,6.460089120865056,0.11797847288664728,0.13447729628335697,0.023824407589798167,10.066810527390603,0.7124054851934462,230.59146693101383,230.03989582508436,1.0030230967759177,1.5228657393362357,7.798371787209058,217.525,0.0,467.56728766430433,437312,369464,0.8448521879116054
results_full_reduced,access_priority,17496,352.9838701095798,1289.2430298353906,9.923535855505042,0.8948189577383199,0.17903812639998737,0.12157702815360992,4.357186977345807,0.6844457315272247,128.18139564420463,375.88922246345845,2.497245916900615,3.1805996293987158,14.062803289529871,0.0,0.0,883.5375121337661,23880906,17831340,0.7466777014238907
results_full_reduced,collective,17496,373.11428222304625,1298.615509259259,9.949399237117065,0.9299580099664057,0.1895115996076869,0.8447160177102794,4.122748753036495,0.6856335206638117,355.05057740042827,374.3916490729518,1.0181844882447917,3.1262069988827026,14.018643070831702,0.0,0.0,916.6502203762702,23880906,18184878,0.7614819136258901
results_full_reduced,human_aware,17496,359.1430804249557,1304.3865483539091,9.912916620992824,0.912148654327342,0.17930184834108814,0.12802210702724887,4.4025802988690055,0.7015494592590004,130.87413720398797,382.75344199986705,2.4497496284662468,3.1662984765566824,12.166544069883217,1660.1027091906722,2247.173182441701,895.1479038882853,23880906,17819535,0.7461833734448768
results_full_reduced,nearest_car,17496,371.9182043451428,1287.4089506172838,9.95286784264124,0.9116958581317032,0.18935304630970862,0.82751305608979,4.148013414605515,0.6870598921016147,350.32671697702705,373.3866182443903,1.003392221457613,3.1325918550010914,14.029391664612714,0.0,0.0,910.0221205156458,23880906,18182016,0.7613620689265307
results_full_reduced,occupancy_aware,17496,383.3991321227164,1320.694058641975,9.934168578458213,0.9506625300763919,0.17878586760828255,0.11686199210280677,4.292031266128279,0.7049608553411649,361.7645560281464,384.82229294680167,1.0040893884058335,3.110119636865945,13.981374964889609,0.0,0.0,922.6566765421554,23880906,17902134,0.7496421618174788
results_full_reduced,oracle_upper,17496,321.73380067985215,1184.4385116598075,10.03191619106176,0.7641310434236583,0.1573402346233117,0.05238475601388829,3.229312504377011,0.5340879658050801,95.84388611321843,347.67531428105184,2.0821022039998356,3.089875474110632,12.239740475714289,1800.5285208047553,3342.3643689986284,803.2617388907946,23880906,19159362,0.8022879031473932
results_full_reduced,stability_aware,17496,383.9720975185863,1322.9150720164607,9.923225827145375,0.9710524194275141,0.17988233567760847,0.11922639785774831,4.351343158312254,0.7069672451879285,364.9570285057782,385.25122097398173,0.9951735270953102,3.1161725143808634,12.11584987966742,1656.3655121170552,0.0,924.4374472380883,23880906,17851860,0.7475369653060902
results_layered_followup,layered_access_stability,17496,356.13596552381875,1305.2684842249655,9.91722241409772,0.9450253522920534,0.1811985523751828,0.12173356831292334,4.436349801083103,0.6959330533660179,134.75223223189704,378.7205900535706,2.2764129649737344,3.184254256930835,12.18414261576087,1658.8972908093278,0.0,893.9807210954323,23880906,17789322,0.7449182204393753
