controller,runs,mean_wait,p95_wait,failed_pickup_rate,door_crowding_rate,special_mean_wait,jerk_exposure,score
oracle_upper,34992,322.8643,1175.2127,0.7749,0.0510,99.9415,12.2077,801.7559
access_priority,34992,350.4437,1274.2601,0.9193,0.1205,129.4133,14.0682,877.3784
layered_access_stability,34992,349.8742,1276.1833,0.9518,0.1193,133.1856,12.1846,878.4767
human_aware,34992,353.3568,1279.7573,0.9174,0.1257,130.6640,12.1765,881.6809
occupancy_aware,34992,377.1181,1285.8985,0.9732,0.1135,358.4009,13.9743,905.5438
collective,34992,369.5389,1275.5827,0.9371,0.8542,353.4555,14.0175,905.5751
nearest_car,34992,369.8764,1274.6797,0.9402,0.8570,351.2005,14.0321,905.8489
stability_aware,34992,379.7250,1300.3714,0.9913,0.1180,363.0647,12.1139,913.5420

