configuration,all_restricted_wait_900,priority_restricted_wait_900,general_restricted_wait_900,all_horizon_wait,all_boarded_by_900,all_completion_fraction,priority_completion_fraction,general_completion_fraction,physical_stops,distance,dwell_car_ticks,priority_group_nonempty_runs
boarding_only,262.17303266415263,8.791256157635468,289.69987772071414,461.2192283163265,0.8271059782608696,0.8794157608695652,1.0,0.8601260835303388,2004.5,15366.5,0.0,2
collective,283.06240295031057,249.80665024630542,282.8745957990272,466.5763295807454,0.8113111413043479,0.8758491847826086,0.875615763546798,0.875886524822695,2011.5,14965.5,0.0,2
dispatch_only,281.16039887422363,247.7463054187192,280.9979212521399,458.3360102872671,0.8138586956521738,0.8797554347826086,0.8817733990147782,0.8794326241134751,2008.0,15303.0,0.0,2
distance_only_nearest,296.1530230978261,261.54618226600985,295.9699152196951,482.35580842391306,0.8113111413043479,0.875,0.875615763546798,0.8749014972419228,2140.5,14969.5,0.0,2
dwell_collective,456.10898564588877,434.4131773399015,456.0767669356811,808.026045132727,0.6581239832889678,0.8199728260869565,0.812807881773399,0.8211189913317574,1775.0,8090.0,11053.0,2
dwell_distance_only_nearest,520.2464935022922,464.81588669950736,520.7569114969702,975.8748197648624,0.5157647977669328,0.8237092391304348,0.8152709359605912,0.8250591016548463,1784.0,7161.0,11120.0,2
dwell_full_priority,425.86407266711035,65.20135467980296,451.6804502595038,792.6306265712807,0.6829201789411417,0.8215013586956521,1.0,0.7929472025216706,1769.5,8692.5,11034.0,2
dwell_occupancy_reference,454.9537546676279,433.0942118226601,454.9477283225999,801.9720369805531,0.6594826789411417,0.8223505434782609,0.8140394088669951,0.8236800630417651,1735.5,8481.0,10870.5,2
full_priority,262.52561418589175,8.946428571428571,290.0840384772153,464.2725571206744,0.8262567934782609,0.8777173913043479,1.0,0.8581560283687943,2012.5,15268.5,0.0,2
occupancy_reference,283.073951863354,249.85714285714286,282.87991494796336,464.6367915372671,0.8113111413043479,0.8777173913043479,0.8780788177339902,0.8776595744680851,2018.0,15238.0,0.0,2
pickup_exception_only,283.073951863354,249.85714285714286,282.87991494796336,464.6367915372671,0.8113111413043479,0.8777173913043479,0.8780788177339902,0.8776595744680851,2018.0,15238.0,0.0,2
priority_weight_1.4,262.7219457076309,8.849137931034484,290.32734028966604,464.7924280445874,0.8262567934782609,0.8778872282608696,1.0,0.8583530338849488,2033.5,15341.0,0.0,2
priority_weight_4.2,262.5424280445874,9.004310344827587,290.0942827640553,462.1098533163265,0.8262567934782609,0.8787364130434783,1.0,0.8593380614657211,2044.0,15353.0,0.0,2
