dwell,contrast,horizon,group,treatment_mean,reference_mean,difference,ci_low,ci_high
zero dwell,full_priority vs occupancy_reference,300,all,81.53795154742541,85.02161139254625,-3.4836598451208403,-4.7685940506992575,-2.2711828130007374
zero dwell,full_priority vs occupancy_reference,300,priority,22.890632415348158,83.69086438430358,-60.80023196895542,-75.55611720367044,-47.24078697392059
zero dwell,full_priority vs occupancy_reference,300,general,86.39303747961557,85.1421396556675,1.2508978239480655,0.7302168583395389,1.7872091284225224
zero dwell,full_priority vs occupancy_reference,600,all,141.8024534791405,147.5195714901026,-5.7171180109621105,-8.091771436165356,-3.6046602107310246
zero dwell,full_priority vs occupancy_reference,600,priority,30.341758960337813,145.11898409349428,-114.77722513315646,-143.81453829861138,-87.58804326023171
zero dwell,full_priority vs occupancy_reference,600,general,151.15241680689763,147.73478463447802,3.4176321724196157,2.3417967483877407,4.563322894420473
zero dwell,full_priority vs occupancy_reference,900,all,196.6412158614035,203.95562737524412,-7.314411513840611,-10.5167202803187,-4.540420746477424
zero dwell,full_priority vs occupancy_reference,900,priority,35.22452336369617,200.77910864881613,-165.55458528511997,-209.9532357741977,-124.45890039150422
zero dwell,full_priority vs occupancy_reference,900,general,210.32724438796583,204.24313157612707,6.084112811838764,4.2735670270090065,8.027136107587904
zero dwell,full_priority vs occupancy_reference,1200 (arrivals with >= 1200 follow-up),all,247.22289027886242,255.07293277470052,-7.850042495838096,-11.48359928981848,-4.739176177561705
zero dwell,full_priority vs occupancy_reference,1200 (arrivals with >= 1200 follow-up),priority,39.26024228533729,251.94226140479765,-212.68201911946036,-271.06186955540494,-159.2865723801966
zero dwell,full_priority vs occupancy_reference,1200 (arrivals with >= 1200 follow-up),general,265.03649285605144,255.36664607633125,9.669846779720189,6.78069583186068,12.854974993984865
zero dwell,full_priority vs collective,300,all,81.53795154742541,85.861397424812,-4.32344587738659,-5.938710832940054,-2.831821451067535
zero dwell,full_priority vs collective,300,priority,22.890632415348158,84.46167404829876,-61.5710416329506,-76.18599798840711,-47.95736352960585
zero dwell,full_priority vs collective,300,general,86.39303747961557,85.98573528288249,0.40730219673308454,-1.0116707034467276,1.5625228354818632
zero dwell,full_priority vs collective,600,all,141.8024534791405,148.81297292054174,-7.010519441401243,-9.676120318321631,-4.568766324415016
zero dwell,full_priority vs collective,600,priority,30.341758960337813,146.29208531442632,-115.9503263540885,-144.6989428642214,-88.56325686347004
zero dwell,full_priority vs collective,600,general,151.15241680689763,149.03503761119507,2.1173791957025685,-0.0704521291243914,3.983645605071528
zero dwell,full_priority vs collective,900,all,196.6412158614035,205.3751878012999,-8.733971939896378,-12.01212656323983,-5.733146246980708
zero dwell,full_priority vs collective,900,priority,35.22452336369617,202.08824512423251,-166.86372176053635,-211.28394728662724,-125.65453445665423
zero dwell,full_priority vs collective,900,general,210.32724438796583,205.6689937604262,4.658250627539644,1.948520246723494,7.267592702305509
zero dwell,full_priority vs collective,1200 (arrivals with >= 1200 follow-up),all,247.22289027886242,256.49568973186774,-9.27279945300532,-12.938795724792879,-5.9625717570096946
zero dwell,full_priority vs collective,1200 (arrivals with >= 1200 follow-up),priority,39.26024228533729,253.25850075242002,-213.99825846708274,-272.1880363069836,-160.5055426419021
zero dwell,full_priority vs collective,1200 (arrivals with >= 1200 follow-up),general,265.03649285605144,256.7942217675808,8.242271088470659,4.746202578302224,12.01042663421256
dwell,dwell_full_priority vs dwell_occupancy_reference,300,all,138.09290645016904,141.46179475302165,-3.3688883028526107,-4.493541529195442,-2.3062005528553318
dwell,dwell_full_priority vs dwell_occupancy_reference,300,priority,75.08570334291977,140.29167653350257,-65.2059731905828,-78.2490761307967,-53.03974663639609
dwell,dwell_full_priority vs dwell_occupancy_reference,300,general,143.03929479966956,141.5591183815112,1.4801764181583508,1.0178843358656067,1.9451943753092777
dwell,dwell_full_priority vs dwell_occupancy_reference,600,all,241.9620533667897,248.61829987309247,-6.656246506302779,-8.690007368920433,-4.723632515983096
dwell,dwell_full_priority vs dwell_occupancy_reference,600,priority,107.21137653438294,246.15375084392244,-138.9423743095395,-166.1738792499533,-114.05947392454217
dwell,dwell_full_priority vs dwell_occupancy_reference,600,general,252.67241857145495,248.8282737831236,3.844144788331363,2.7653942189444636,5.0017463330449035
dwell,dwell_full_priority vs dwell_occupancy_reference,900,all,335.40136545431307,344.0789574880108,-8.67759203369775,-11.50358495491941,-5.929580614075424
dwell,dwell_full_priority vs dwell_occupancy_reference,900,priority,132.5111298917137,340.6577740846543,-208.1466441929406,-247.76060417004467,-170.9026683018934
dwell,dwell_full_priority vs dwell_occupancy_reference,900,general,351.64052950626274,344.3816872041957,7.258842302067023,5.338013600779313,9.397125939723576
dwell,dwell_full_priority vs dwell_occupancy_reference,1200 (arrivals with >= 1200 follow-up),all,418.00301126426274,427.49307500618045,-9.490063741917709,-12.769496501691023,-6.253437861950228
dwell,dwell_full_priority vs dwell_occupancy_reference,1200 (arrivals with >= 1200 follow-up),priority,152.31744229774216,423.2357295446791,-270.9182872469369,-322.3490338566471,-221.27235871606297
dwell,dwell_full_priority vs dwell_occupancy_reference,1200 (arrivals with >= 1200 follow-up),general,439.3428733408551,427.848439597786,11.494433743069067,8.765191869654636,14.429832397087647
dwell,dwell_full_priority vs dwell_collective,300,all,138.09290645016904,146.58854465951808,-8.495638209349039,-10.4948480718437,-6.629805274052336
dwell,dwell_full_priority vs dwell_collective,300,priority,75.08570334291977,145.3339315252139,-70.24822818229413,-82.8035324434779,-58.42477073695788
dwell,dwell_full_priority vs dwell_collective,300,general,143.03929479966956,146.70459481333836,-3.665300013668798,-5.711390671834088,-1.9508097767291825
dwell,dwell_full_priority vs dwell_collective,600,all,241.9620533667897,257.7809689182001,-15.818915551410385,-19.443406824903764,-12.441450744378832
dwell,dwell_full_priority vs dwell_collective,600,priority,107.21137653438294,255.06556511122355,-147.8541885768406,-173.95055978688345,-123.63716158507542
dwell,dwell_full_priority vs dwell_collective,600,general,252.67241857145495,258.025175154126,-5.35275658267102,-9.205154716416747,-1.9996381680310344
dwell,dwell_full_priority vs dwell_collective,900,all,335.40136545431307,357.140829539779,-21.739464085465954,-26.80745874009954,-16.822201294952347
dwell,dwell_full_priority vs dwell_collective,900,priority,132.5111298917137,353.4040407112945,-220.8929108195808,-260.5055133688384,-183.49513651059152
dwell,dwell_full_priority vs dwell_collective,900,general,351.64052950626274,357.4811838185325,-5.8406543122697485,-11.48852153186805,-0.7396595096810114
dwell,dwell_full_priority vs dwell_collective,1200 (arrivals with >= 1200 follow-up),all,418.00301126426274,443.6896583269277,-25.686647062664974,-31.91556680073191,-19.652565589258007
dwell,dwell_full_priority vs dwell_collective,1200 (arrivals with >= 1200 follow-up),priority,152.31744229774216,439.1480449258997,-286.8306026281575,-338.0172246301479,-236.90156459659443
dwell,dwell_full_priority vs dwell_collective,1200 (arrivals with >= 1200 follow-up),general,439.3428733408551,444.0780213340726,-4.735147993217538,-11.713855015671056,1.531361720097963
